area,bedrooms,bathrooms,age,city,property_type,price
2118,3,3,7,Bangalore,Apartment,16150000
2116,4,4,18,Bangalore,Villa,18410000
1047,1,1,17,Bangalore,Apartment,6830000
1051,1,1,25,Chennai,House,6250000
1465,2,1,4,Mumbai,Villa,20420000
789,1,1,11,Delhi,Apartment,5750000
2252,4,3,17,Chennai,House,13830000
1730,3,2,18,Mysore,Apartment,7240000
1954,3,2,2,Bangalore,Apartment,16780000
1169,2,1,5,Bangalore,House,9770000
1146,3,3,19,Mumbai,Villa,13890000
1101,2,1,12,Chennai,Villa,8940000
2002,3,3,7,Chennai,Apartment,14210000
1148,2,2,18,Delhi,House,8090000
1942,3,2,20,Delhi,Apartment,12080000
1105,3,2,23,Delhi,Apartment,7170000
1341,2,2,16,Chennai,House,8560000
913,2,2,25,Bangalore,Apartment,6150000
1388,2,1,16,Chennai,Apartment,8190000
1993,4,4,21,Chennai,Apartment,11930000
1296,2,1,13,Delhi,Villa,11160000
2393,5,4,16,Bangalore,Villa,22090000
2382,5,4,20,Chennai,Apartment,14000000
1365,2,2,19,Mumbai,Apartment,12200000
2502,4,3,7,Bangalore,Apartment,19000000
775,2,1,2,Chennai,Apartment,6130000
862,2,1,17,Chennai,Apartment,5150000
1466,2,2,22,Chennai,Villa,10400000
2442,5,4,3,Delhi,House,20280000
643,2,2,18,Bangalore,House,4730000
1892,3,3,2,Bangalore,Villa,21070000
1652,3,2,21,Delhi,Apartment,10270000
2081,4,3,7,Chennai,Apartment,14920000
793,1,1,11,Mysore,Apartment,3670000
710,2,2,1,Mysore,Villa,5160000
1109,2,2,17,Delhi,Apartment,7360000
1170,2,2,2,Mysore,Apartment,6290000
703,2,2,2,Chennai,Apartment,5710000
1432,2,1,6,Mumbai,Apartment,15910000
1376,2,1,8,Bangalore,Apartment,10930000
1466,3,2,4,Mysore,House,7920000
1786,4,4,23,Mumbai,Apartment,15870000
1576,3,3,1,Bangalore,Villa,18030000
740,2,2,21,Bangalore,Apartment,5170000
2528,5,5,18,Mysore,Apartment,11250000
1458,3,2,8,Chennai,Apartment,9880000
1143,2,2,21,Delhi,Apartment,7240000
2502,4,4,14,Mysore,House,12060000
750,2,2,16,Chennai,Apartment,4750000
2400,4,3,9,Delhi,Apartment,17210000
1219,3,3,21,Chennai,Villa,9380000
812,1,1,3,Delhi,Villa,8450000
1157,2,2,22,Chennai,Apartment,6550000
1600,2,2,2,Delhi,Villa,16530000
607,1,1,20,Delhi,Apartment,3980000
1504,3,2,17,Mumbai,Villa,17500000
2451,4,4,11,Bangalore,Villa,23700000
861,1,1,11,Mumbai,House,9400000
1030,2,2,21,Bangalore,House,6860000
2594,5,5,7,Chennai,House,19720000
650,1,1,25,Mumbai,House,6220000
926,2,2,12,Mumbai,House,10250000
1008,1,1,9,Mysore,Apartment,4860000
648,2,2,12,Mumbai,Apartment,6750000
1319,3,2,21,Bangalore,House,9450000
2523,4,4,8,Chennai,House,17640000
822,2,1,11,Delhi,Apartment,6140000
1841,4,4,12,Delhi,House,14460000
690,2,1,0,Mumbai,House,8750000
2073,4,4,11,Chennai,Villa,17560000
1242,3,3,23,Delhi,Villa,10480000
1965,3,2,12,Chennai,House,13420000
992,1,1,21,Chennai,Apartment,5590000
1765,3,2,17,Mumbai,Villa,21810000
1030,1,1,14,Delhi,House,7200000
1569,3,3,21,Mumbai,Villa,17370000
1896,4,3,2,Chennai,Villa,18630000
1235,2,2,4,Mumbai,Villa,17140000
1851,3,2,13,Mumbai,House,19800000
2071,4,3,15,Chennai,Apartment,12900000
2008,3,3,24,Mumbai,Villa,22620000
1660,3,3,17,Mumbai,Villa,19720000
873,1,1,24,Bangalore,House,5990000
2426,5,4,17,Chennai,Villa,18870000
2364,4,3,8,Mumbai,Villa,33000000
1592,3,3,8,Delhi,Villa,15340000
1156,2,1,17,Delhi,Apartment,7320000
1384,3,3,22,Mumbai,Apartment,12170000
1277,3,2,13,Mysore,House,6160000
2453,5,5,24,Mysore,House,10920000
2530,4,3,24,Mysore,Apartment,10230000
2130,4,4,15,Mysore,Villa,12060000
659,1,1,21,Mysore,House,2860000
938,1,1,19,Mysore,Villa,4910000
1755,4,4,2,Mysore,Villa,12500000
972,1,1,12,Mumbai,House,9960000
1291,2,1,24,Mysore,House,5640000
2309,4,3,0,Mysore,House,13500000
1059,2,2,24,Bangalore,House,7530000
2544,4,4,0,Bangalore,Apartment,22170000
1569,3,3,18,Mumbai,Apartment,15170000
1124,2,2,19,Mysore,Villa,6150000
2575,4,4,18,Bangalore,Apartment,16750000
1987,3,2,22,Delhi,Villa,15280000
2301,5,5,3,Chennai,Villa,22320000
1829,3,3,11,Delhi,Villa,16900000
1636,3,2,0,Delhi,Apartment,13970000
1487,2,1,22,Mysore,Apartment,5770000
1668,4,3,19,Mumbai,Villa,20290000
1552,2,1,10,Chennai,House,10880000
2405,4,4,24,Bangalore,House,16310000
1376,2,2,15,Chennai,Villa,11180000
1034,1,1,10,Mumbai,House,10830000
2402,4,4,16,Chennai,Villa,19530000
2074,3,2,17,Bangalore,Apartment,14370000
2057,3,2,25,Mysore,Villa,10160000
1428,3,3,9,Delhi,Apartment,10940000
1733,4,3,13,Delhi,House,13490000
1320,3,2,8,Chennai,House,9520000
2077,3,2,3,Mumbai,Apartment,23830000
1043,2,1,8,Mumbai,Apartment,11320000
1179,2,2,9,Chennai,Villa,10010000
628,2,2,8,Mumbai,House,7080000
1198,3,3,20,Bangalore,Villa,10680000
2387,4,3,15,Mysore,Apartment,10690000
2577,4,3,15,Delhi,Apartment,16850000
1607,2,2,4,Bangalore,House,13250000
774,1,1,17,Chennai,House,4920000
2219,5,5,24,Chennai,Villa,16560000
1208,3,2,9,Mysore,House,6460000
2566,5,5,24,Bangalore,Villa,21020000
1952,3,3,7,Mumbai,House,21470000
605,1,1,22,Bangalore,Apartment,3960000
1074,1,1,22,Delhi,Apartment,6670000
1078,1,1,13,Bangalore,Villa,9530000
905,1,1,2,Mumbai,Villa,12760000
2133,4,3,14,Delhi,Villa,18330000
1424,2,1,14,Delhi,Villa,11960000
2104,3,2,0,Bangalore,House,18160000
2547,4,3,18,Chennai,Villa,18530000
1662,4,3,8,Mumbai,House,18420000
1900,3,3,15,Chennai,House,12210000
1972,3,3,10,Delhi,House,14900000
1956,3,3,14,Mysore,House,8990000
837,1,1,21,Delhi,House,5510000
711,1,1,19,Mysore,House,3170000
1016,1,1,9,Mysore,Apartment,4750000
659,2,2,22,Mysore,Apartment,2900000
1731,3,3,7,Chennai,Apartment,12590000
2539,4,4,15,Bangalore,House,19460000
2044,3,2,15,Delhi,Villa,18270000
1728,3,2,6,Mumbai,House,20440000
2400,4,4,8,Chennai,Villa,21540000
2513,5,4,0,Mysore,House,14400000
1787,4,3,4,Delhi,Villa,18250000
1280,3,2,14,Mysore,House,6520000
1089,2,1,7,Mumbai,Villa,15520000
1251,3,2,22,Mysore,Apartment,5520000
1959,4,4,15,Mysore,House,9830000
2577,5,4,3,Mumbai,Villa,38970000
1677,3,3,23,Mysore,Apartment,6800000
1561,2,1,19,Mumbai,Apartment,14190000
2345,5,4,10,Bangalore,House,19160000
673,2,2,7,Mysore,Villa,4650000
2129,3,2,3,Delhi,Apartment,17110000
940,2,1,0,Bangalore,House,8250000
1334,2,1,4,Bangalore,House,11090000
1996,3,3,5,Mysore,Villa,12560000
1999,3,2,18,Mysore,Villa,10450000
1120,2,1,21,Mysore,Villa,5590000
1987,4,4,2,Mysore,House,11370000
1212,3,2,22,Delhi,Villa,9640000
1387,2,2,7,Delhi,Apartment,10360000
1205,3,2,0,Delhi,Villa,13550000
616,2,2,19,Mysore,House,3080000
1843,3,3,20,Delhi,Apartment,11340000
2147,4,4,20,Delhi,Villa,16900000
2215,4,4,18,Bangalore,House,15670000
2462,4,3,23,Mumbai,Apartment,21550000
2210,5,4,16,Mumbai,Apartment,21400000
1126,2,1,23,Delhi,Apartment,7170000
2572,4,4,24,Bangalore,House,18060000
1349,2,1,0,Mysore,Villa,9040000
1354,3,2,18,Bangalore,House,9660000
1982,3,2,0,Delhi,Apartment,16410000
2474,5,5,20,Chennai,House,14690000
1218,3,2,3,Mysore,Villa,8190000
1608,2,2,7,Bangalore,House,13530000
1529,2,1,18,Mumbai,House,14870000
1941,3,2,19,Mumbai,House,18250000
2013,3,3,14,Delhi,Apartment,13760000
803,2,1,17,Mumbai,House,8270000
1415,2,2,3,Delhi,Apartment,11620000
1957,3,3,1,Mysore,Apartment,10810000
2211,5,5,2,Mumbai,Apartment,26660000
1800,3,3,10,Chennai,Apartment,12330000
1167,2,2,17,Chennai,Apartment,6950000
1953,3,3,0,Mumbai,Apartment,22720000
1263,2,2,8,Mumbai,Villa,16670000
832,2,2,15,Mysore,Villa,4930000
1815,3,2,16,Delhi,Villa,15130000
2089,4,3,14,Chennai,Apartment,13450000
1580,2,1,21,Bangalore,Apartment,9690000
2441,4,3,19,Mysore,Apartment,9990000
1878,4,3,12,Mumbai,House,20860000
1529,3,2,3,Chennai,House,12060000
1933,4,4,13,Bangalore,Villa,18250000
1294,2,1,13,Mumbai,House,13610000
1240,3,2,11,Delhi,House,9910000
786,1,1,13,Mysore,Apartment,3450000
1739,3,2,21,Delhi,Apartment,10460000
2527,4,4,9,Delhi,Villa,24080000
1783,4,4,4,Delhi,Apartment,14660000
1317,3,2,3,Mumbai,Apartment,15490000
2253,4,4,19,Chennai,Apartment,13770000
969,1,1,10,Delhi,Apartment,6810000
1759,4,3,2,Mumbai,Apartment,19970000
2128,4,4,12,Bangalore,Apartment,15830000
1357,2,1,24,Delhi,Apartment,8590000
2409,4,4,5,Chennai,Apartment,17590000
767,1,1,21,Bangalore,Villa,6260000
1448,2,2,24,Chennai,House,8550000
827,1,1,16,Delhi,House,5780000
1409,3,3,0,Bangalore,Apartment,12160000
2165,3,2,10,Mumbai,Apartment,21530000
1481,2,2,12,Mysore,Villa,8730000
1744,4,3,2,Mumbai,Villa,25900000
638,1,1,10,Bangalore,House,5100000
2053,4,3,9,Chennai,House,14220000
951,2,1,22,Bangalore,House,6710000
2329,4,4,13,Bangalore,House,17990000
1410,2,1,7,Chennai,Apartment,9480000
1645,3,3,16,Mumbai,Apartment,15800000
2089,4,4,7,Delhi,House,16290000
955,2,2,24,Delhi,Apartment,6200000
2548,5,4,14,Bangalore,Apartment,18880000
1994,4,3,20,Chennai,House,11990000
1560,2,1,25,Mysore,Apartment,6090000
1639,2,1,14,Bangalore,House,12000000
2303,4,4,20,Bangalore,House,16380000
1816,4,3,14,Bangalore,Villa,17050000
2461,5,5,10,Bangalore,House,20100000
2561,4,3,3,Chennai,Apartment,19060000
772,2,2,1,Delhi,Villa,8200000
1673,4,4,11,Mysore,House,8670000
1437,2,2,25,Delhi,House,9370000
1275,2,1,9,Delhi,Apartment,9130000
1282,2,2,11,Chennai,Apartment,8300000
1818,4,4,9,Mysore,Apartment,9310000
1972,4,4,20,Delhi,Apartment,12840000
637,1,1,5,Chennai,House,4920000
993,1,1,4,Delhi,House,7720000
2178,4,4,21,Bangalore,Villa,17970000
1823,3,3,5,Chennai,Apartment,12710000
2076,3,3,13,Chennai,Apartment,13060000
1850,3,2,7,Mumbai,House,20890000
2451,4,3,21,Delhi,House,16450000
2175,3,2,16,Mysore,House,9860000
2240,5,5,8,Mumbai,Apartment,23480000
1735,3,3,9,Mysore,House,8650000
1520,3,3,13,Mumbai,House,15500000
2411,4,4,13,Mumbai,House,24280000
1082,1,1,11,Chennai,House,7060000
2318,5,4,25,Delhi,Apartment,14270000
2478,4,4,24,Bangalore,House,17100000
610,1,1,8,Mysore,Villa,3760000
2525,5,4,3,Mumbai,Villa,37930000
849,1,1,13,Mumbai,House,8840000
728,1,1,19,Chennai,House,4430000
1095,2,2,9,Chennai,Villa,9490000
1092,2,1,5,Chennai,House,8230000
2596,4,4,16,Bangalore,Villa,23230000
641,1,1,1,Chennai,Villa,6200000
2130,3,2,25,Delhi,House,13190000
1945,4,4,24,Mumbai,Villa,22500000
690,1,1,20,Delhi,Apartment,4210000
1580,3,3,25,Mysore,Villa,8140000
1200,2,2,25,Mysore,Apartment,4850000
2511,4,3,17,Bangalore,House,17940000
991,1,1,24,Bangalore,Villa,7760000
854,1,1,12,Delhi,House,6350000
2594,4,3,22,Mysore,House,11030000
2240,4,3,2,Chennai,House,17300000
1201,2,2,2,Mumbai,Villa,17540000
1513,3,2,5,Delhi,House,12620000
686,2,1,19,Delhi,House,4950000
2220,4,4,21,Delhi,Villa,17970000
2240,5,5,0,Delhi,Villa,23580000
2200,4,4,4,Chennai,Villa,19760000
1384,3,3,19,Delhi,House,9230000
1361,2,2,18,Mysore,House,5890000
1243,3,2,7,Delhi,House,10480000
981,1,1,17,Bangalore,Villa,8210000
1513,2,1,22,Delhi,Villa,12220000
851,1,1,14,Mysore,Apartment,3680000
2259,5,4,21,Mysore,Apartment,9480000
1710,3,2,5,Bangalore,Villa,18050000
1641,2,2,6,Mumbai,House,19030000
653,1,1,14,Mumbai,House,6860000
1853,3,3,9,Chennai,Apartment,12460000
